{
  "courses": [
    {
      "id": 1,
      "name": "Kiến thức cơ bản cho người mới bắt đầu",
      "description": "Kiến thức căn bản"
    },
    {
      "name": "Kiến Thức Nhập Môn IT 2",
      "description": "Để có 1 cái nhìn tổng quan về ngành IT - Lập trình web các bạn nên xem các videos tại khóa này trước nhé.",
      "id": 2
    },
    {
      "name": "Xây Dựng Website với ReactJS",
      "description": "Khóa học ReactJS từ cơ bản tới nâng cao, kết quả của khóa học này là bạn có thể làm hầu hết các dự án thường gặp với ReactJS. Cuối khóa học này bạn sẽ sở hữu một dự án giống Tiktok.com",
      "id": 3
    },
    {
      "id": 4
    },
    {
      "name": "Làm việc với Terminal & Ubuntu",
      "description": "Sở hữu một Terminal hiện đại, mạnh mẽ trong tùy biến và học cách làm việc với Ubuntu là một bước quan trọng trên con đường trở thành một Web Developer.",
      "id": 8
    }
  ]
}