{
  "factory": [
    {
      "nameFactory": "Zen Plaza",
      "addressFactory": "Tp Hồ Chí Minh",
      "id": 1
    },
    {
      "nameFactory": "Đống Đa",
      "addressFactory": "Tp Hà Nội",
      "id": 2
    },
    {
      "nameFactory": "Đồng Văn II",
      "addressFactory": "Hà Nam",
      "id": 3
    },
    {
      "nameFactory": "Vĩnh quang",
      "addressFactory": "Nghệ An",
      "id": 5
    },
    {
      "nameFactory": "Iphone",
      "addressFactory": "Hà Tĩnh",
      "id": 6
    },
    {
      "nameFactory": "Laptop",
      "addressFactory": "Ninh Bình",
      "id": 8
    }
  ],
  "productFactoryInStock": [
    {
      "id": 1,
      "codeFactory": "1",
      "nameFactory": "Zen Plaza",
      "codeProduct": "MVS1001"
    },
    {
      "codeFactory": "2",
      "nameFactory": "Đống Đa",
      "codeProduct": "MVS1004",
      "id": 2
    }
  ],
  "productFactorySold": [
    {
      "id": 1,
      "codeFactory": "1",
      "nameFactory": "Zen Plaza",
      "codeProduct": "MVS1002"
    },
    {
      "codeFactory": "1",
      "nameFactory": "Zen Plaza",
      "codeProduct": "MVS1003",
      "id": 2
    },
    {
      "codeFactory": "1",
      "nameFactory": "Zen Plaza",
      "codeProduct": "MVS2001",
      "id": 3
    },
    {
      "codeFactory": "1",
      "nameFactory": "Zen Plaza",
      "codeProduct": "MVS3001",
      "id": 4
    },
    {
      "codeFactory": "1",
      "nameFactory": "Zen Plaza",
      "codeProduct": "MVS4001",
      "id": 5
    }
  ],
  "agent": [
    {
      "nameAgent": "Honda Ôtô - Mỹ Đình",
      "addressAgent": "Tp Hà Nội",
      "id": 1
    },
    {
      "nameAgent": "Honda Ôtô - Tây Hồ",
      "addressAgent": "Tp Hà Nội",
      "id": 2
    },
    {
      "nameAgent": "Honda Ôtô - An Khánh",
      "addressAgent": "Tp Hà Nội",
      "id": 3
    },
    {
      "nameAgent": "Motor Doanh Thu",
      "addressAgent": "Tp Hà Nội",
      "id": 4
    },
    {
      "nameAgent": "Motor VAC",
      "addressAgent": "Tp Hà Nội",
      "id": 5
    },
    {
      "nameAgent": "HEAD Liên Hiệp Thành",
      "addressAgent": "Tp Hồ Chí Minh",
      "id": 6
    },
    {
      "nameAgent": "HEAD Tường Nguyên",
      "addressAgent": "Tp Hồ Chí Minh",
      "id": 7
    },
    {
      "nameAgent": "HEAD ITC",
      "addressAgent": "Tp Hồ Chí Minh",
      "id": 8
    },
    {
      "nameAgent": "HEAD Minh Khang",
      "addressAgent": "Tp Hồ Chí Minh",
      "id": 9
    }
  ],
  "productAgentInStock": [
    {
      "codeAgent": "6",
      "nameAgent": "HEAD Liên Hiệp Thành",
      "codeProduct": "MVS1002",
      "version": "Tiêu Chuẩn",
      "color": "Đen",
      "price": "30,721,091",
      "id": 1
    },
    {
      "codeAgent": "9",
      "nameAgent": "HEAD Minh Khang",
      "codeProduct": "MVS2001",
      "version": "Cao cấp",
      "color": "Đỏ Đen",
      "price": "32,390,182",
      "id": 2
    },
    {
      "codeAgent": "9",
      "nameAgent": "HEAD Minh Khang",
      "codeProduct": "MVS3001",
      "version": "Đặc biệt",
      "color": "Xanh Đen",
      "price": "33,764,727",
      "id": 3
    },
    {
      "codeAgent": "4",
      "nameAgent": "Motor Doanh Thu",
      "codeProduct": "MVS4001",
      "version": "Thể thao",
      "color": "Xám Đen",
      "price": "35,924,727",
      "id": 4
    }
  ],
  "productAgentSold": [
    {
      "nameAgent": "Motor Doanh Thu",
      "codeProduct": "MVS4002",
      "version": "Thể thao",
      "color": "Đen",
      "price": "35,924,727",
      "idCustomer": "1",
      "orderDate": "",
      "id": 1
    }
  ]
}